{
  "experiment": "p3_0-cifar",
  "git_commit": "97077fcd628236bc97b13df68f7115a29fe2389e",
  "seeds": [
    42,
    137,
    271,
    314,
    1729
  ],
  "task": "cifar",
  "config": {
    "n_train": 5000,
    "n_test": 2000,
    "ep": 20,
    "gd_ep": 40,
    "task": null
  },
  "energy_cell": {
    "norm": "layernorm",
    "goodness": "linear",
    "objective": "contrast"
  },
  "L": 8,
  "width": 64,
  "batch": 32,
  "mask_ratio": 0.5,
  "results_median": {
    "energy": {
      "slope": -0.020196428571428553,
      "peak_l": 1.0,
      "peak": 0.3325,
      "com": 3.804428044277323,
      "decline": 0.08006250000000001,
      "tail_ret": 0.5999999999981955,
      "neff": 7.630282711372697
    },
    "recon": {
      "slope": -0.005249999999999997,
      "peak_l": 1.0,
      "peak": 0.174,
      "com": 3.9907621247021,
      "decline": 0.01987499999999999,
      "tail_ret": 0.8002873563172397,
      "neff": 7.796038153466871
    },
    "contrast": {
      "slope": -0.015779761904761887,
      "peak_l": 1.0,
      "peak": 0.331,
      "com": 4.03145987981334,
      "decline": 0.05418750000000001,
      "tail_ret": 0.6956193353453305,
      "neff": 7.831577195693467
    },
    "env_gap": 0.11599999999999999,
    "select_recon_mean": -0.061875,
    "select_contrast_mean": 0.059687500000000004,
    "select_contrast_peak": 0.07250000000000001,
    "gd_held": 0.3545,
    "slope_gate": false,
    "select_gate": true,
    "verdict": "PARTIAL - selectivity>0 (class info preserved) but still declining -> coordination (P3.1)"
  },
  "numpy": "2.3.5",
  "wall_clock_s": 840.5
}