{
  "rung": "P7.3",
  "git": "450edc0164cff444c26cb0a66b5601dbc5af574e",
  "quick": false,
  "seeds": [
    42,
    137,
    271,
    314,
    1729
  ],
  "cap": 800,
  "wall_s": 47.3,
  "imbalance": {
    "ranpac": {
      "none": {
        "old": 0.17917769353646615,
        "recent": 0.6743837279902855,
        "gap": 0.4952
      },
      "air": {
        "old": 0.5059306678110769,
        "recent": 0.41184881602914386,
        "gap": -0.0941
      },
      "cbrs": {
        "old": 0.5622749922513888,
        "recent": 0.575063752276867,
        "gap": 0.0128
      }
    },
    "slda": {
      "none": {
        "old": 0.2869608754738574,
        "recent": 0.6483394049787493,
        "gap": 0.3614
      },
      "air": {
        "old": 0.31451612903225806,
        "recent": 0.0,
        "gap": -0.3145
      },
      "cbrs": {
        "old": 0.5286519800681878,
        "recent": 0.5832027929568913,
        "gap": 0.0546
      }
    },
    "cosine-softmax": {
      "none": {
        "old": 0.023889564408840568,
        "recent": 0.6826533090467516,
        "gap": 0.6588
      },
      "logitadj": {
        "old": 0.352496244903798,
        "recent": 0.5665270188221008,
        "gap": 0.214
      },
      "balsoftmax": {
        "old": 0.0,
        "recent": 0.5864814814814815,
        "gap": 0.5865
      },
      "cbrs": {
        "old": 0.3918472689125718,
        "recent": 0.5865179113539769,
        "gap": 0.1947
      }
    },
    "mlp": {
      "none": {
        "old": 0.17529146699091624,
        "recent": 0.6736703096539163,
        "gap": 0.4984
      },
      "logitadj": {
        "old": 0.3468755215411392,
        "recent": 0.6005373406193079,
        "gap": 0.2537
      },
      "cbrs": {
        "old": 0.47502563002169607,
        "recent": 0.5686551305403765,
        "gap": 0.0936
      }
    }
  },
  "versions": {
    "numpy": "2.3.5"
  }
}