{
  "rung": "P7.1",
  "git": "5c13c39beec6adc3d98222aeab21eb729e8844c0",
  "quick": false,
  "seeds": [
    42,
    137,
    271,
    314,
    1729
  ],
  "wall_s": 3277.2,
  "pinned": {
    "PROBE_EP": 120,
    "FEAT": "alltap",
    "perturb": [
      0.25,
      0.5,
      1.0,
      2.0
    ]
  },
  "verdict": {
    "best_mag": "ranpac",
    "best_cos": "cosine-softmax",
    "delta_med": 0.1282679354455677,
    "real": true,
    "sign": 1.0,
    "branch": "magnitude-wins-spine-bends",
    "aa_mag": 0.6165076121392434,
    "aa_cos": 0.48033204951971636
  },
  "table": {
    "linear": {
      "acc": 0.5913333333333334,
      "aa": 0.5835885790356389,
      "bwt": -0.18075233445233832,
      "flip": 0.68425,
      "recency": 0.18075233445233832,
      "cost": 7680,
      "knob": {}
    },
    "cosine-ncm": {
      "acc": 0.262,
      "aa": 0.3194863187341551,
      "bwt": -0.14248330335509982,
      "flip": 0.0,
      "recency": 0.14248330335509982,
      "cost": 7680,
      "knob": {
        "tau": 0.03
      }
    },
    "cosine-softmax": {
      "acc": 0.5373333333333333,
      "aa": 0.48033204951971636,
      "bwt": -0.23360799766115062,
      "flip": 0.0,
      "recency": 0.23360799766115062,
      "cost": 7680,
      "knob": {
        "tau": 0.05
      }
    },
    "ncm": {
      "acc": 0.264,
      "aa": 0.33116051148781284,
      "bwt": -0.1571490255315274,
      "flip": 0.577,
      "recency": 0.1571490255315274,
      "cost": 7680,
      "knob": {}
    },
    "slda": {
      "acc": 0.5833333333333334,
      "aa": 0.604483894679339,
      "bwt": -0.1617850455125867,
      "flip": 0.8930833333333333,
      "recency": 0.1617850455125867,
      "cost": 7680,
      "knob": {
        "shrinkage": 0.001
      }
    },
    "fecam": {
      "acc": 0.5306666666666666,
      "aa": 0.4591346511248872,
      "bwt": -0.30232356666326626,
      "flip": 0.76425,
      "recency": 0.30232356666326626,
      "cost": 5898240,
      "knob": {
        "shrinkage": 0.1
      }
    },
    "ranpac": {
      "acc": 0.6473333333333333,
      "aa": 0.6165076121392434,
      "bwt": -0.15743492925410477,
      "flip": 0.5371666666666667,
      "recency": 0.15743492925410477,
      "cost": 1556000,
      "knob": {
        "proj_dim": 2000,
        "ridge_lambda": 1.0
      }
    },
    "rls": {
      "acc": 0.6226666666666667,
      "aa": 0.5582858784801492,
      "bwt": -0.19720631493248253,
      "flip": 0.5605833333333333,
      "recency": 0.19720631493248253,
      "cost": 7680,
      "knob": {
        "ridge_lambda": 1.0
      }
    },
    "mlp": {
      "acc": 0.6246666666666667,
      "aa": 0.6225128985225721,
      "bwt": -0.14700841022339842,
      "flip": 0.6035833333333334,
      "recency": 0.14700841022339842,
      "cost": 24896,
      "knob": {}
    }
  },
  "versions": {
    "numpy": "2.3.5"
  }
}