{
  "experiment": "p4_0",
  "git_commit": "60faf046109044cf7c2f2d7c00ce06fa4955f538",
  "seeds": [
    42,
    137,
    271,
    314,
    1729
  ],
  "overlaps": [
    0.5,
    0.65,
    0.8,
    0.95,
    1.1,
    1.25
  ],
  "dim": 40,
  "n_class": 4,
  "n_clusters": 16,
  "cell": {
    "L": 4,
    "Wd": 64,
    "w": 2
  },
  "gap_easy_hard": [
    0.050000000000000044,
    0.03466666666666662
  ],
  "numpy": "2.3.5",
  "wall_clock_s": 2614.7
}