{
  "rung": "P7.4",
  "git": "069ff4bf10de2dc74f8f33e6418da60389e105aa",
  "quick": false,
  "seeds": [
    42,
    137,
    271,
    314,
    1729
  ],
  "wall_s": 304.1,
  "baseline": "linear",
  "gate": {
    "linear": {
      "aa": 0.5835885790356389,
      "bwt": -0.18075233445233832,
      "forget": 0.18207203873093972,
      "vs_floor": 0.0,
      "n_neg": 0,
      "passes": true
    },
    "cosine-ncm": {
      "aa": 0.3194863187341551,
      "bwt": -0.14248330335509982,
      "forget": 0.1470507593638986,
      "vs_floor": 0.059470651133485986,
      "n_neg": 0,
      "passes": true
    },
    "cosine-softmax": {
      "aa": 0.48033204951971636,
      "bwt": -0.23360799766115062,
      "forget": 0.23360799766115062,
      "vs_floor": -0.029509990725117563,
      "n_neg": 5,
      "passes": false
    },
    "slda": {
      "aa": 0.604483894679339,
      "bwt": -0.1617850455125867,
      "forget": 0.1617850455125867,
      "vs_floor": 0.01262031893010146,
      "n_neg": 0,
      "passes": true
    },
    "fecam": {
      "aa": 0.4591346511248872,
      "bwt": -0.30232356666326626,
      "forget": 0.30232356666326626,
      "vs_floor": -0.12651422080239266,
      "n_neg": 5,
      "passes": false
    },
    "ranpac": {
      "aa": 0.6165076121392434,
      "bwt": -0.15743492925410477,
      "forget": 0.15743492925410477,
      "vs_floor": 0.023317405198233554,
      "n_neg": 0,
      "passes": true
    },
    "rls": {
      "aa": 0.5582858784801492,
      "bwt": -0.18291275620738998,
      "forget": 0.18291275620738998,
      "vs_floor": -0.0030580123766720257,
      "n_neg": 3,
      "passes": true
    },
    "mlp": {
      "aa": 0.6225128985225721,
      "bwt": -0.14700841022339842,
      "forget": 0.14917378649713134,
      "vs_floor": 0.04030417891494428,
      "n_neg": 1,
      "passes": true
    }
  },
  "versions": {
    "numpy": "2.3.5"
  }
}