{
  "experiment": "p5_1_temperature",
  "git_commit": "d44ee697eedcb0e11f6b68be3d9f68174b740871",
  "seeds": [
    42,
    137,
    271,
    314,
    1729
  ],
  "L": 12,
  "W": 64,
  "dim": 40,
  "n_class": 4,
  "probe_ep": 120,
  "temps": [
    0.5,
    0.35,
    0.2,
    0.1,
    0.05
  ],
  "lr_matched": 0.06746086945728028,
  "calib_ratio": 2.2486956485760095,
  "guards": {
    "equiv": 0.0,
    "fd": 2.055789087573867e-08
  },
  "numpy": "2.3.5",
  "wall_clock_s": 2124.4
}