{
  "experiment": "exp0-cifar",
  "git_commit": "b0a6a8eea0dcfb102dfc86468579024128617ec0",
  "seeds": [
    42,
    137,
    271,
    314,
    1729
  ],
  "task": "cifar",
  "config": {
    "n_train": 5000,
    "n_test": 2000,
    "scff_ep": 20,
    "gd_ep": 40,
    "decide_ep": 60,
    "task": null
  },
  "wall_config": {
    "norm": "lengthnorm",
    "goodness": "squared"
  },
  "L": 8,
  "width": 64,
  "batch": 32,
  "results_median": {
    "wall_slope": -0.0156845238095238,
    "envelope_gap": 0.18724999999999997,
    "decide_scff": 0.294,
    "decide_rand": 0.2985,
    "decide_raw": 0.389,
    "decide_gap": 0.067,
    "decide_selectivity": -0.0050000000000000044,
    "decide_verdict": "LOST",
    "wd_gap": 0.0030000000000000027
  },
  "numpy": "2.3.5",
  "wall_clock_s": 3972.0
}